system_id,gpu_compute_Add_DeepLayer_fp16_latency,gpu_compute_Add_DeepLayer_fp16_peak_throughput,gpu_compute_Add_DeepLayer_fp16_saturation_point,gpu_compute_Add_DeepLayer_fp16_efficiency_slope,gpu_compute_Add_DeepLayer_fp32_latency,gpu_compute_Add_DeepLayer_fp32_peak_throughput,gpu_compute_Add_DeepLayer_fp32_saturation_point,gpu_compute_Add_DeepLayer_fp32_efficiency_slope,gpu_compute_Add_ShallowLayer_fp16_latency,gpu_compute_Add_ShallowLayer_fp16_peak_throughput,gpu_compute_Add_ShallowLayer_fp16_saturation_point,gpu_compute_Add_ShallowLayer_fp16_efficiency_slope,gpu_compute_Add_ShallowLayer_fp32_latency,gpu_compute_Add_ShallowLayer_fp32_peak_throughput,gpu_compute_Add_ShallowLayer_fp32_saturation_point,gpu_compute_Add_ShallowLayer_fp32_efficiency_slope,gpu_compute_BatchNorm_Typical_fp16_latency,gpu_compute_BatchNorm_Typical_fp16_peak_throughput,gpu_compute_BatchNorm_Typical_fp16_saturation_point,gpu_compute_BatchNorm_Typical_fp16_efficiency_slope,gpu_compute_BatchNorm_Typical_fp32_latency,gpu_compute_BatchNorm_Typical_fp32_peak_throughput,gpu_compute_BatchNorm_Typical_fp32_saturation_point,gpu_compute_BatchNorm_Typical_fp32_efficiency_slope,gpu_compute_Conv_Bottleneck_k1s1_fp16_latency,gpu_compute_Conv_Bottleneck_k1s1_fp16_peak_throughput,gpu_compute_Conv_Bottleneck_k1s1_fp16_saturation_point,gpu_compute_Conv_Bottleneck_k1s1_fp16_efficiency_slope,gpu_compute_Conv_Bottleneck_k1s1_fp32_latency,gpu_compute_Conv_Bottleneck_k1s1_fp32_peak_throughput,gpu_compute_Conv_Bottleneck_k1s1_fp32_saturation_point,gpu_compute_Conv_Bottleneck_k1s1_fp32_efficiency_slope,gpu_compute_Conv_Downsampling_k3s2_fp16_latency,gpu_compute_Conv_Downsampling_k3s2_fp16_peak_throughput,gpu_compute_Conv_Downsampling_k3s2_fp16_saturation_point,gpu_compute_Conv_Downsampling_k3s2_fp16_efficiency_slope,gpu_compute_Conv_Downsampling_k3s2_fp32_latency,gpu_compute_Conv_Downsampling_k3s2_fp32_peak_throughput,gpu_compute_Conv_Downsampling_k3s2_fp32_saturation_point,gpu_compute_Conv_Downsampling_k3s2_fp32_efficiency_slope,gpu_compute_Conv_Standard_k3s1_fp16_latency,gpu_compute_Conv_Standard_k3s1_fp16_peak_throughput,gpu_compute_Conv_Standard_k3s1_fp16_saturation_point,gpu_compute_Conv_Standard_k3s1_fp16_efficiency_slope,gpu_compute_Conv_Standard_k3s1_fp32_latency,gpu_compute_Conv_Standard_k3s1_fp32_peak_throughput,gpu_compute_Conv_Standard_k3s1_fp32_saturation_point,gpu_compute_Conv_Standard_k3s1_fp32_efficiency_slope,gpu_compute_LayerNorm_ViT_fp16_latency,gpu_compute_LayerNorm_ViT_fp16_peak_throughput,gpu_compute_LayerNorm_ViT_fp16_saturation_point,gpu_compute_LayerNorm_ViT_fp16_efficiency_slope,gpu_compute_LayerNorm_ViT_fp32_latency,gpu_compute_LayerNorm_ViT_fp32_peak_throughput,gpu_compute_LayerNorm_ViT_fp32_saturation_point,gpu_compute_LayerNorm_ViT_fp32_efficiency_slope,gpu_compute_MatMul_Attention_QK_fp16_latency,gpu_compute_MatMul_Attention_QK_fp16_peak_throughput,gpu_compute_MatMul_Attention_QK_fp16_saturation_point,gpu_compute_MatMul_Attention_QK_fp16_efficiency_slope,gpu_compute_MatMul_Attention_QK_fp32_latency,gpu_compute_MatMul_Attention_QK_fp32_peak_throughput,gpu_compute_MatMul_Attention_QK_fp32_saturation_point,gpu_compute_MatMul_Attention_QK_fp32_efficiency_slope,gpu_compute_MatMul_Batched_512_fp16_latency,gpu_compute_MatMul_Batched_512_fp16_peak_throughput,gpu_compute_MatMul_Batched_512_fp16_saturation_point,gpu_compute_MatMul_Batched_512_fp16_efficiency_slope,gpu_compute_MatMul_Batched_512_fp32_latency,gpu_compute_MatMul_Batched_512_fp32_peak_throughput,gpu_compute_MatMul_Batched_512_fp32_saturation_point,gpu_compute_MatMul_Batched_512_fp32_efficiency_slope,gpu_compute_MatMul_Square_4096_fp16_latency,gpu_compute_MatMul_Square_4096_fp16_peak_throughput,gpu_compute_MatMul_Square_4096_fp32_latency,gpu_compute_MatMul_Square_4096_fp32_peak_throughput,gpu_compute_Softmax_Attention_fp16_latency,gpu_compute_Softmax_Attention_fp16_peak_throughput,gpu_compute_Softmax_Attention_fp16_saturation_point,gpu_compute_Softmax_Attention_fp16_efficiency_slope,gpu_compute_Softmax_Attention_fp32_latency,gpu_compute_Softmax_Attention_fp32_peak_throughput,gpu_compute_Softmax_Attention_fp32_saturation_point,gpu_compute_Softmax_Attention_fp32_efficiency_slope,data_transfer_D2H_PCIe_peak_bandwidth_gbps,data_transfer_D2H_PCIe_small_transfer_latency_ms,data_transfer_D2H_DMA_peak_bandwidth_gbps,data_transfer_D2H_DMA_small_transfer_latency_ms,data_transfer_H2D_PCIe_peak_bandwidth_gbps,data_transfer_H2D_PCIe_small_transfer_latency_ms,data_transfer_H2D_DMA_peak_bandwidth_gbps,data_transfer_H2D_DMA_small_transfer_latency_ms,host_compute_Image_Preprocessing_Rate_peak_host_throughput,host_compute_Image_Preprocessing_Rate_single_worker_throughput,host_compute_Image_Preprocessing_Rate_scalability_factor
intel_xeon_gold_5122__nvidia_geforce_gtx_1080,0.0257433605194091,45042.50000617491,2.0,2.5875138106309445,0.0129587197303771,77168.11697500093,1.0,0.0,0.182488956451416,5632.5789895160515,1.0,0.8585815248029091,0.108851203918457,9294.917480234331,1.0,12.261891153473467,0.0710022401809692,18283.40749767638,4.0,8.947745992028812,0.0479852819442749,28339.016829007374,2.0,7499.293491311955,0.0762060785293579,18174.20458736713,16.0,70.4667205432295,0.0608819198608398,21358.932591124332,8.0,3.2675922032075704,0.7865670776367187,3529.764784905968,16.0,0.9154861129459406,0.3585619354248047,3551.4406762726426,8.0,0.8920182442284648,0.5388665771484376,3709.1409459834704,128.0,2.8685150576692537,0.38508544921875,3849.7815090681206,64.0,2.3418746461876294,0.0221798396110534,55978.12820517954,4.0,5.808211241320807,0.0196819198131561,175561.94901496335,32.0,144.4747092545203,0.0103513598442077,670205.3763345288,128.0,347.6303837853393,0.0070803201198577,655584.0125449116,64.0,1443.6572260655137,0.0565657615661621,27400.864273247695,16.0,56.539110753438,0.057233281135559,26432.872648604334,8.0,519.0153043293179,19.220823974609377,52.02690588712512,19.57844970703125,51.07656709105358,0.0214016008377075,57513.527863243464,4.0,5.6420637585408375,0.0179993605613708,61259.046519616655,1.0,4.531177543513191,9.6458448921766,0.202731519639492,12.26812392170948,0.0855910408496856,10.90458773257308,0.1868121609091758,11.510365680046233,0.0921222388744354,1818.922953251272,544.3492857093078,3.3414629191276446
intel_xeon_gold_5122__nvidia_geforce_rtx_3060_ti,0.0072921597957611,258261.7607877583,8.0,45.24261729889367,0.0079878401756286,128698.8041068635,1.0,64.43399536830357,0.0336076807975769,32291.23007889452,1.0,4.569365805151759,0.0649011182785034,16094.765742966723,1.0,1.1301373204913974,0.1489478397369384,60409.2378819412,8.0,271.7167516190175,0.0832089614868164,42020.76160065657,4.0,562.4231077261624,0.0451993608474731,89705.0012260292,32.0,176.2033292728564,0.0439558410644531,44999.58748003516,8.0,11.466715584722584,0.1282457637786865,15190.924931339749,8.0,15.27486432851418,0.2028748893737793,8182.052414088435,16.0,3.631741842542355,0.1926963233947753,8268.109889369905,8.0,2.803946859959092,0.2995193672180176,4416.536707331239,8.0,12.390379902246758,0.0201113605499267,640631.4206822157,32.0,1756.2310028430843,0.0197260797023773,284013.4578358358,8.0,14395.842806137083,0.0181305599212646,1668001.115002185,128.0,3010.381819360259,0.0101996803283691,1059962.0627927985,64.0,2856.429083453191,0.0181478404998779,124421.57911251335,16.0,69.5667039238679,0.0392806410789489,41284.10034596797,16.0,807.6284001147052,3.7527142333984376,266.4737941141885,12.624957275390624,79.20818884268733,0.0084537601470947,222749.897518708,8.0,34.2945640775535,0.0127366399765014,111347.2297116803,4.0,10.707650723658398,10.510053728544197,0.2036102402210235,12.26797253483688,0.0912972798943519,9.95978057747469,0.1871935987472534,11.48918070360685,0.0926758399605751,1888.1715091738697,546.217105052549,3.456815049745133
intel_xeon_gold_5122__nvidia_geforce_rtx_4070,0.0072447997331619,1228622.0132843915,16.0,73182.74477075921,0.0074156802892684,560437.5813038666,8.0,57407.80579596977,0.0216729593276977,92286.34284223754,2.0,46145.897281486934,0.0223705601692199,44701.60748928929,1.0,0.0,0.1505043220520019,120377.50277692694,8.0,16403.732958575227,0.0509299182891845,80379.64652766506,4.0,20276.532286076337,0.1144217586517334,171967.8663979505,16.0,11075.72664073041,0.046755838394165,88197.11067104536,8.0,8770.283948405846,0.0824320030212402,24225.08730853374,16.0,703.6033345435271,0.1485209560394287,12782.007358660108,4.0,5.940315954211652,0.1046527957916259,13592.585273355466,8.0,467.8796575965284,0.187637767791748,6942.246023576369,4.0,3.2025013090240084,0.0202783989906311,1159985.1417060522,32.0,36512.77885244399,0.0197632002830505,794760.9080442155,16.0,49810.37485877106,0.0241836810111999,3173444.567340726,128.0,12639.98119752746,0.0252108788490295,1848018.973976872,64.0,6469.336495883795,0.0121855998039245,214725.89588225484,128.0,97.93406629764864,0.0282009601593017,65850.47201585259,8.0,3987.034138914449,2.266460113525391,441.2166770693965,6.51673583984375,153.45105656821846,0.0087910401821136,470632.54407249275,8.0,20132.388412401073,0.0104524803161621,331881.9036288842,4.0,30852.71310416565,10.345471042733564,0.2041939207911491,12.268198881641055,0.0857068800926208,9.541189894463631,0.1906873601675033,11.40071855700749,0.0929734395444393,1844.165149526293,552.3413316009928,3.338814323709716
intel_xeon_gold_5122__nvidia_titan_rtx,0.0071814399957656,561394.0408741265,4.0,140196.7559094888,0.0070815998315811,276304.1562843276,2.0,135093.12716907053,0.0253945589065551,43270.55019045812,1.0,1.37715347682286,0.0487423992156982,21381.043963662407,1.0,99.01520158585797,0.149039363861084,75442.88906975802,8.0,2019.2216797392996,0.0512006378173828,54533.71623784936,4.0,11048.628021111212,0.0525926399230957,124934.89536306643,16.0,89.15842879057674,0.0399027204513549,46088.00632834544,16.0,609.0195936922071,0.1228153610229492,26985.731476175297,8.0,192.11458963948013,0.2697593688964844,7004.170402287449,8.0,80.34335338475198,0.0910508823394775,16032.19722958942,8.0,4.891495133531584,0.2415507125854492,7816.8212809071,16.0,221.66549101239156,0.0199072003364563,765216.2887214149,64.0,5040.009452602019,0.0202540802955627,440959.8803165608,16.0,5197.674550560401,0.0184659194946289,1539029.8122987098,256.0,2515.476141214574,0.0104089605808258,1178232.785940044,128.0,1659.571184177044,0.0130566394329071,273574.788199143,64.0,499.4542451208301,0.0344211196899414,47677.78067264221,16.0,57.71406311385092,1.460655975341797,684.6239065745771,10.2778466796875,97.2966450235474,0.0083731198310852,306214.8754960619,16.0,66.97707396168808,0.0113049602508544,154351.4837129403,2.0,65894.73748736958,10.287575923616355,0.2051654410362243,12.267940935135776,0.0855251212418079,9.611442422203632,0.1898860800266265,11.415430942551174,0.093722239434719,1947.9904016748164,548.8684846761372,3.5491023005706706
intel_xeon_gold_6330__nvidia_a100_pcie_40gb,0.0074342399835586,1578282.8739533643,16.0,96582.12149632147,0.0074137598276138,767436.18570326,8.0,89206.18023815597,0.007700480222702,194922.6651349105,2.0,65060.63431612222,0.0174899196624755,57175.79150151777,1.0,0.0,0.0791347217559814,125013.12184975012,32.0,133.7750030483935,0.0537804794311523,125459.1816475554,8.0,557.3023090803619,0.035246078968048,242276.2322162589,64.0,1456.356381682146,0.0370892810821533,159762.7881194847,32.0,347.8944544347001,0.0652083206176757,67181.18320009123,16.0,347.95447984710967,0.0751206398010253,40672.09794729398,8.0,687.4787621985571,0.068218879699707,37559.19465096972,4.0,494.3242121292124,0.0646963214874267,22934.770781010684,2.0,824.9572110444577,0.031703040599823,1218323.5993784284,128.0,2095.333652295716,0.0317235207557678,1013212.2792657188,128.0,3653.3697109710183,0.0182067203521728,2172968.219275665,128.0,1753.229436979501,0.0165887999534606,1960323.1301670312,128.0,3514.552469550473,0.0114688003063201,671754.0795912431,64.0,3965.946737018161,0.0300851202011108,65421.73684773688,32.0,325.8451532724138,0.5774745559692382,1731.678027478789,9.285549926757811,107.69421390092776,0.0091136002540588,520442.9835017324,64.0,1057.421744893834,0.0149708795547485,384852.1995727845,8.0,44693.60172003423,8.459674943599413,0.1520729607343673,18.19299498626642,0.0474380800873041,15.409493752985211,0.1245107194781303,18.145536773861775,0.0516960001736879,2258.6558771994187,475.68708688618574,4.748196744175718
intel_core_i5_13th_gen__nvidia_geforce_gtx_1080,0.0255347204208374,45708.23780597181,2.0,2.698367609957151,0.0123289597034454,81109.84414366618,1.0,0.0,0.183132152557373,5712.684301755185,1.0,1.9177202973479668,0.1083391952514648,9287.327856997032,1.0,17.669736032722223,0.0702054405212402,18288.350188586577,4.0,1.8272527762500288,0.0410828781127929,28765.78685904833,2.0,4424.746359049722,0.0754483222961425,17120.15041782548,8.0,9.778582376907837,0.0598425579071044,21428.922493516355,16.0,3.5651794423973135,0.7743436431884766,3527.8530473932788,16.0,0.936521708158351,0.3567788696289062,3557.7526106277382,8.0,1.7513298101336736,0.5417951965332031,3728.6976469764927,128.0,2.8857346530305676,0.3814400100708008,3866.6602257729896,64.0,2.307589248421927,0.021483519077301,55627.750267276344,4.0,5.144662701606837,0.0172774398326873,175542.99183683807,32.0,308.32466098541505,0.0061030399799346,667612.9800644863,128.0,321.9747728073246,0.0050790399312973,650601.1448873819,64.0,1368.616075870577,0.05582848072052,27822.17387266673,16.0,27.22095469361956,0.0567705583572387,26129.31478564706,8.0,8.125674526563637,18.955325927734375,52.755621497220254,19.229859619140623,52.002459706187366,0.0213126397132873,57256.91804281261,4.0,5.431396950926935,0.0176332795619964,61274.05889815928,1.0,1.7318489735089582,12.122533718460549,0.1579494395852089,12.264657658251664,0.0804000009596347,10.97813228949592,0.1171987211704254,11.35546303120335,0.0891020792722702,5026.461631329601,955.5530974483764,5.26026407611656
intel_core_i5_13th_gen__nvidia_geforce_gtx_1650,0.010977280139923,102289.319759479,2.0,4.593726426494442,0.0206848001480102,51259.550432307646,1.0,143.68924076608835,0.0794975996017456,12786.728618154804,1.0,0.6808281234581286,0.1578758430480957,6381.076431782991,1.0,0.4147880895853078,0.0856883239746093,17201.962735391226,8.0,135.65323027560916,0.057771520614624,20699.34023537698,2.0,3389.7733525751405,0.7415948486328126,2550.2448154860754,256.0,3.2828433594297564,0.1073151969909668,10516.098945457645,8.0,38.90698078897728,7.122564086914062,1585.6513265578935,1024.0,1.095755483722149,0.9498585510253906,1557.55436206009,8.0,62.659229427740144,7.110570678710937,802.6502547290241,512.0,1.0880732128579529,1.0070918273925782,1854.748140097502,256.0,3.2799027371941443,0.0086835199594497,165383.2974976253,16.0,28.46644192839742,0.0123424005508422,127904.06609544493,8.0,1159.4238953071458,0.0489631986618042,43184.192559946154,16.0,11.007313864812064,0.0062668800354003,217337.44140760615,8.0,1867.3937365402112,0.8694169616699219,1356.389077690198,2.0,0.1699906510904816,0.14261568069458,7011.851678088324,1.0,0.0,379.9062109375,2.632228616458482,77.5175390625,12.90030633188356,0.0143769598007202,84433.78507703773,2.0,1827.3056893358796,0.0240006399154663,44281.557930628056,1.0,10.578181866965467,12.000319696016902,0.1607097604870796,12.272025994643812,0.0834937617182731,10.996608448359218,0.1182675203680992,11.214110329542622,0.0889369589090347,4183.591963845811,927.3496850131304,4.51134241102004
intel_core_i5_13th_gen__nvidia_geforce_rtx_2080,0.0033145600557327,532277.3161791883,2.0,230578.1515282292,0.0038067200779914,262693.33691791265,1.0,0.0,0.0348959994316101,30410.40705882131,1.0,13.739587509798469,0.0680755186080932,14824.565713059765,1.0,15.256607239938372,0.0251084804534912,47235.80750765162,8.0,245.69527662010717,0.0276883196830749,44639.03220567459,2.0,8522.719932262407,0.0221958398818969,79433.74699079373,32.0,18.338594830260423,0.0580281591415405,30174.19550842819,16.0,6.19862873680286,0.259550724029541,13671.970293881075,32.0,4.978472432169326,0.4129830551147461,4458.028861614617,16.0,25.071570442699688,0.251221752166748,7250.141984620718,16.0,3.7290259173696567,0.3729817581176757,5005.18334254424,16.0,148.45156406926753,0.0085612797737121,477809.18608159793,32.0,171.67778868169762,0.008643199801445,322339.6752052182,16.0,210.1053422064357,0.007800959944725,927884.2794924356,64.0,446.643373374389,0.0067782402038574,779936.8625134336,128.0,442.65054504113385,0.0171622395515441,124407.73057623388,32.0,38.488578193093026,0.0514911985397338,29748.65555610563,8.0,6.276158022355423,4.1849362182617185,238.95226781147127,16.0957177734375,62.12832593587616,0.0061408001184463,213043.36342340035,2.0,20.219047351688538,0.0062080001831054,161082.46947566347,1.0,0.0,11.99415050901933,0.1588044807314872,12.265954889914552,0.0805427208542823,10.936046555091936,0.1222553591430187,11.207418785888503,0.0891571205854415,4755.125017873441,951.2406730078304,4.998866378198168
intel_core_i5_13th_gen__nvidia_geforce_rtx_2080_ti,0.003139199912548,639975.4037773397,2.0,321422.8974515136,0.003276799917221,305175.78895938885,1.0,0.0,0.0258457589149475,40958.89602975545,1.0,108.8364921679939,0.0518079996109008,20259.713210104852,1.0,957.6747698947328,0.0196607995033264,74475.68937400919,8.0,517.6986911529926,0.018186240196228,61073.328914064885,1.0,6086.702255113791,0.0169964802265167,119791.47113128402,32.0,66.93794132823076,0.0316313600540161,44099.57074902644,8.0,7.1155862758697355,0.1504563236236572,21028.51358035684,8.0,11.79365650472223,0.271279354095459,6712.739330862976,8.0,365.9507441831353,0.128786563873291,11748.661186671072,8.0,520.4739962236276,0.2422489547729492,7419.703364989619,16.0,203.27251870896836,0.0086425602436065,719106.3171307184,64.0,1482.420758200966,0.0086054402589797,423233.8438419158,16.0,120.21872074176638,0.006126719713211,1473709.0553499004,512.0,936.7740838854476,0.0049638399481773,1249781.3218127778,64.0,7578.284955207632,0.013775360584259,192320.99229338884,64.0,68.97555084280603,0.0301465606689453,44772.21889829256,4.0,2375.5215871014625,2.4485081481933593,408.411955148221,11.309178466796874,88.42375270104233,0.0046131199598312,297732.4743917344,2.0,80959.44253747862,0.0053388798236846,187305.2087750194,1.0,0.0,12.22163043591775,0.1588620796799659,12.262470027900712,0.0802790400385856,10.951509730854886,0.1186387202143669,11.201934784173504,0.0892307206988334,4907.085826533061,949.6864955247902,5.167058655310708
intel_core_i5_13th_gen__nvidia_geforce_rtx_3050,0.0052633601427078,189992.69912879897,1.0,0.0,0.0224255990982055,47360.59475356265,1.0,29.26135029906904,0.0871244812011718,11835.350991202296,1.0,0.4916928303203722,0.1704140853881836,5921.251760717677,1.0,16.335054780445326,0.0519372797012329,27327.54127876457,4.0,34.02414821947594,0.0506675195693969,21620.761189453628,1.0,1884.251320831666,0.0422502422332763,34122.05650460082,32.0,16.88359726209293,0.0869580841064453,14439.782552774028,2.0,2939.98917213905,0.32,6001.594356655111,8.0,29.791618155761977,0.5328076934814453,3275.8547111749062,8.0,6.797405144544307,0.3316940689086914,3356.734549208018,2.0,1.2222803819984418,0.6939443206787109,1890.2134025146363,4.0,0.7122387595126547,0.0088268798589706,248558.3630175044,16.0,557.2603370140496,0.0098707199096679,113919.9072627708,4.0,7.960124200076763,0.0060787200927734,595181.4056895552,128.0,274.9905357999276,0.0062259197235107,423968.6398146965,64.0,1589.9512247864502,0.0288972806930541,48703.00773269676,32.0,9.777419640854218,0.0777625608444213,15422.65529017568,2.0,2562.9964885489235,8.979722290039062,111.36201852358734,34.54892333984375,28.944462036151037,0.0120179200172424,83209.0743294408,1.0,0.0,0.0263737607002258,41301.56881412037,1.0,1.170747628170286,12.218571632271107,0.1590521594882011,12.28590918397507,0.0811084789037704,11.080654940289444,0.1155123196542263,11.682889415861233,0.0875744000077247,4567.778107566951,949.6765620532492,4.8098250394757365
intel_core_i5_13th_gen__nvidia_geforce_rtx_3060_ti,0.0031334400177001,366139.44458472176,2.0,47001.37449204608,0.0052223998308181,191482.8493404216,1.0,0.0,0.0330796790122985,32290.23071907149,1.0,3.731205777464845,0.0641804790496826,16095.466135275929,1.0,0.8244549484091978,0.022583041191101,60165.57387184456,8.0,100.47380311184016,0.0240435194969177,50038.42980671284,2.0,8447.181065936957,0.0230399990081787,88691.79150777383,32.0,57.0736081476102,0.0330496001243591,44931.93958002715,16.0,7.12359508657023,0.1322963237762451,15006.866736087775,8.0,15.711796892763726,0.2096678352355957,8082.995127351714,16.0,3.612937436458337,0.2030387115478515,8214.124873692994,8.0,2.8145421316895503,0.2996364784240722,4457.790062276149,8.0,13.389519083315406,0.0089081597328186,636326.6255097053,32.0,1257.6960752645791,0.0088710397481918,284110.27441596804,8.0,3343.252113568465,0.004840959906578,1584484.7722438711,128.0,920.9864916811592,0.0055232000350952,1050861.706309795,64.0,2741.813767623535,0.0135814404487609,124570.55564791412,32.0,30.83723771199499,0.0378745603561401,41023.418037845615,16.0,735.4125120017451,3.7781292724609377,264.6812556915597,12.85076904296875,77.81635454316614,0.0049113601446151,222763.1624021731,1.0,17.621163148105378,0.0098694401979446,111346.1729650964,1.0,6.485174902448569,12.83495439392255,0.1466982406377792,23.37795196584262,0.0436863999068737,14.88986516383723,0.0843507200479507,21.609343170930536,0.0484140799194574,3873.550590150681,936.6334632936698,4.13560986442802
intel_core_i5_13th_gen__nvidia_geforce_rtx_4070,0.0033094400167465,1236155.1002115828,8.0,53167.5093779514,0.0034272000193595,578703.688692675,8.0,36048.33280326584,0.0072447997331619,154519.38752644786,2.0,16489.347106882098,0.0151129603385925,66168.37321053474,1.0,0.0,0.0200499200820922,175586.45980726238,8.0,16518.07129935711,0.018490240573883,163990.34583659316,4.0,35234.78819483464,0.0139468801021575,169836.95275309577,8.0,5987.194247146718,0.019656319618225,87879.63834513725,8.0,4538.816699808468,0.0813875198364257,24057.037085301425,16.0,695.3695277289415,0.1461657619476318,12733.418459507688,4.0,13.271790279858216,0.1042636775970459,13498.22067469863,8.0,453.0793267666499,0.1860403251647949,6908.535511120124,4.0,1.7003924608743934,0.009351680278778,1123292.5968977618,16.0,30551.76066351679,0.0086374402046203,745467.5947160327,16.0,39386.1492981671,0.0061305600404739,3184561.2363386843,128.0,10164.020636420051,0.0074752002954483,1826150.4214489637,64.0,5404.648269043493,0.0116735994815826,214856.1710323772,128.0,94.31070948610896,0.0273612809181213,64280.57032993895,8.0,343.931662925562,2.3916339111328124,418.1241933997932,6.479802856445312,154.32568276445676,0.0040160000324249,471769.31320304377,8.0,12115.88557844817,0.0049011200666427,312750.20906290977,4.0,13678.851503585527,12.20420301310331,0.1457247996330261,23.69266906246443,0.0425734397023916,14.860933805061554,0.0852409596741199,21.620366216066422,0.046863360479474,3890.676412556462,937.9777968067272,4.147940842312013
intel_core_i5_13th_gen__nvidia_titan_rtx,0.0031916800141334,704542.8719127566,2.0,116503.52343223964,0.0032710400223731,378833.8111315236,2.0,73120.64554497683,0.0248838400840759,43217.20864063086,1.0,12.339805275180767,0.0495609617233276,21672.71691582284,1.0,445.5001105644104,0.020193281173706,78960.00233436591,2.0,29438.580263438987,0.0183532798290252,62352.84813231522,2.0,7866.674036145013,0.0146227204799652,128972.57832444509,16.0,56.76052042595464,0.0323782396316528,48762.256238361086,16.0,11.190328668789464,0.1040678405761718,28251.080421103223,8.0,16.448971370629014,0.2579468727111816,7433.412158890659,8.0,7.205093567302784,0.0922035217285156,16807.489650358224,8.0,5.922221041747182,0.2358419227600097,7910.869335113408,16.0,123.69065003614138,0.0086323201656341,822713.4544491181,32.0,3907.718187205229,0.0087936002016067,438411.9094314901,16.0,3264.021238506,0.0054476797580718,1629513.759407848,512.0,1000.9635148587942,0.0047590398788452,1387828.798048776,64.0,3999.545741542963,0.0125843203067779,274634.3487241666,64.0,1051.965706661934,0.0269132804870605,50584.65728031898,4.0,1175.3300176621224,1.2879052734375,776.4546202462059,10.33728271484375,96.73722075570758,0.0042182400822639,327774.26711100014,2.0,90708.5760886684,0.004956159889698,201769.1160607267,1.0,0.0,12.307933436676704,0.1577664005756378,12.262312172721852,0.0867232006788253,10.945382860193147,0.118062719553709,11.200144726870144,0.0901625604927539,4650.21118445679,933.0484210265896,4.983890524502876
intel_core_i7_13th_gen__nvidia_geforce_gtx_1080,0.0247808003425598,46353.43490638092,2.0,29.463520934747592,0.0123904001712799,80707.64351242916,1.0,0.0,0.1835385513305664,5803.997731927766,1.0,0.7765732547624156,0.1083769607543945,9268.81632225882,1.0,41.76296110935539,0.069526400566101,18404.628327610935,4.0,8.594452796623823,0.041308159828186,28935.184434633746,2.0,4726.892316095368,0.0742988777160644,18852.785519664943,16.0,16.29838790314695,0.0568857622146606,21704.271395295145,16.0,6.989471076033849,0.7296409606933594,3537.991325075897,16.0,0.8988883409269848,0.3313996887207031,3576.3389511039227,4.0,41.16802858082249,0.5241017532348633,3744.877371923048,128.0,6.115035515965312,0.3814131164550781,3876.244208235155,64.0,2.324395122231175,0.0214604806900024,56018.2723328457,4.0,5.315586997827752,0.0173875200748443,174965.91874227228,32.0,141.7589604467676,0.0061644798517227,664134.093427267,128.0,325.85331398544326,0.0050432002544403,644398.4302952857,64.0,2884.3308000134216,0.0552288007736206,27966.17684731081,16.0,11.913842422979174,0.0573849582672119,26341.54239340095,8.0,45.83328866620885,18.845020751953125,53.06441490102146,19.21800048828125,52.03454961975779,0.0210944008827209,57677.06703806136,4.0,5.455808695997334,0.0176127994060516,61261.04177995268,1.0,3.815619640930304,12.338537910971064,0.1515545603632927,12.264247831225266,0.0809324775636196,10.978993882427414,0.1118201605975627,11.363411899933617,0.0930124796926975,6085.063886951873,1089.1548873538102,5.586959171377386
intel_core_i7_13th_gen__nvidia_geforce_rtx_2080_ti,0.0028224000334739,713959.327354031,2.0,359650.94153349084,0.0029491201043128,339084.1893951911,1.0,0.0,0.025848319530487,40854.87848259186,1.0,102.8206411800914,0.0502163219451904,20263.39146904448,1.0,349.54749832378616,0.0176140797138214,74706.92259799875,8.0,441.97623966172534,0.0181766402721405,60720.877137373056,1.0,5705.209498689104,0.0166502404212951,120872.4694070942,32.0,67.05071345629713,0.0306982398033142,44402.31552831432,8.0,6.907666175163853,0.1451916790008545,21203.246035270266,8.0,5.436888117958505,0.2673830413818359,6788.814605440162,8.0,371.87286592462976,0.1291520023345947,11757.049794252523,8.0,9.304305442356956,0.241665916442871,7423.505909135511,16.0,202.67881698481477,0.0079052799940109,727844.4193474321,64.0,1468.073387821788,0.0079596799612045,423040.0420387004,16.0,114.04553870483744,0.0059974402189254,1471643.336562042,256.0,935.2227652214668,0.004925439953804,1257481.9710553144,64.0,7635.2031516137695,0.0139820802211761,192869.8951409184,64.0,72.21555221755519,0.0299008011817932,45017.62686934651,4.0,1026.8661658216226,2.4319654846191407,411.1900462093135,10.741160888671876,93.09980647014106,0.0046662399172782,294783.51296353416,2.0,80478.20125052713,0.0054828798770904,182385.903469886,1.0,0.0,12.226438658709531,0.1481830391287803,12.26489857294192,0.0855840012431144,10.975480091508064,0.1126284791529178,11.208486049867911,0.0888742390275001,5727.215639959342,1075.537041107293,5.324982237769354
intel_core_i7_13th_gen__nvidia_geforce_rtx_3050,0.0052633601427078,189992.69912879897,1.0,0.0,0.022440960407257,47377.06097586735,1.0,66.49606142726077,0.0873862361907959,11837.266930834392,1.0,0.5885432049815205,0.1699020767211914,5919.306367413648,1.0,9.975532168229597,0.0515123176574707,27465.04305065925,4.0,34.669213716078964,0.0503193616867065,21740.036823729897,1.0,1866.9707418089629,0.0415539216995239,34352.408212660885,32.0,16.87663912335978,0.086753282546997,14435.513552808365,2.0,2908.572200954993,0.3089203262329101,6066.012406280104,8.0,5.689005203684254,0.5291974258422851,3309.3050281442543,8.0,6.925082039547244,0.3389440155029297,3345.7438617787525,2.0,1.341189968307219,0.6934476470947266,1877.586978709689,4.0,0.7086430407694387,0.0077414399385452,249321.8449905932,16.0,1120.7929236610478,0.0096870398521423,113970.5033706018,1.0,7.338375663510057,0.0058777600526809,603419.9772529027,128.0,274.4406379937105,0.0060825598239898,434480.3653762686,64.0,759.4281751614841,0.0289747190475463,48517.27652033495,32.0,9.791491247474914,0.0779468822479248,15456.829337574354,2.0,2627.5798389310216,9.005383911132812,111.044682810664,35.0224755859375,28.553092928745674,0.0117760002613067,84918.47637654789,1.0,0.0,0.026152958869934,41310.02175070096,1.0,5.549677514767957,12.053662812672776,0.1518841597437858,12.28529011070738,0.0820281586050987,11.003862850174562,0.1107654401659965,11.711314719738745,0.0858822390437126,5315.418810661913,1079.4196289974768,4.924330323322606
intel_core_i7_13th_gen__nvidia_geforce_rtx_3060_ti,0.0028883200883865,372733.7973580164,1.0,26511.78269252384,0.0051769602298736,193163.54686858485,1.0,0.0,0.033361918926239,32292.95548745663,1.0,4.114620475048648,0.064143362045288,16092.873629758898,1.0,0.8091212493388724,0.0223718404769897,60395.81156461405,8.0,100.02712846597964,0.0236748790740966,50364.23466711432,2.0,8125.370558442824,0.0226220798492431,89714.47987072982,32.0,126.58106607729653,0.0327871990203857,45080.96358358441,16.0,7.162469302465079,0.1291468811035156,15182.28424620246,8.0,15.887774361768658,0.2060012817382812,8181.80598111041,16.0,3.6898063183340897,0.1960345649719238,8306.682184024552,8.0,2.8065321654134188,0.2981068801879882,4413.081268208691,8.0,12.168668080025718,0.0074668800830841,640022.5227652455,32.0,2519.959476923999,0.0075571197271347,283122.4918913628,8.0,2742.610195954848,0.0044800001382827,1614987.1224195275,128.0,935.3247339988636,0.0053862398862838,1057529.640799431,64.0,2744.3872584418996,0.0136755204200744,125016.25182898276,32.0,154.93193188318307,0.0375398397445678,41677.781758001205,16.0,765.2989975136205,3.7475051879882817,266.84419362653784,12.625400390625,79.20540886311619,0.0047513601183891,222774.949805906,1.0,15.695211276290603,0.0095487999916076,111353.36367187252,1.0,5.725381531176207,13.48323335572858,0.1361651191115379,23.63212353323325,0.0413228805363178,15.579174842310302,0.0756217601895332,21.676263105380823,0.0466054400801658,5551.505115732877,1092.5544369694096,5.081216027214133
intel_core_i7_13th_gen__nvidia_geforce_rtx_4070,0.0031449601054191,1238114.1565741866,8.0,52294.49362257272,0.0029894399642944,578703.688692675,8.0,31915.78358283526,0.0072294402122497,155009.91470452963,2.0,16686.618482289225,0.0151347196102142,66073.24256771248,1.0,0.0,0.0173862397670745,176411.63769762067,8.0,15033.200259538511,0.0164460802078247,168092.08967427706,4.0,33940.79164667164,0.0125747203826904,170143.25944936034,16.0,5709.916343630473,0.0195974397659301,87953.8395338323,8.0,4553.157685348115,0.081592321395874,24272.974667193834,16.0,715.1721397804729,0.146493444442749,12747.26503758256,4.0,5.873363888790589,0.1042438411712646,13590.76802039569,8.0,463.0109790975188,0.1858150482177734,6940.43145372802,4.0,3.19902436008901,0.0074956798553466,1167787.7920867507,16.0,30783.220722401507,0.0074764800071716,740521.3265696951,16.0,36664.507274379415,0.0055667197704315,3511235.857173839,64.0,23663.89613719975,0.0072499197721481,1843054.6614610224,64.0,5530.55135550177,0.0124313604831695,212642.89394418529,128.0,100.2316772526122,0.0252518391609191,65863.65625306456,8.0,3535.5792647071,2.211733703613281,452.133997129181,6.51212158203125,153.55978653090222,0.003973119854927,471484.59811984695,8.0,11989.395239963378,0.0049721598625183,309528.53914354666,4.0,13624.088630603925,13.850717133053044,0.1345875203609466,23.81803855893889,0.0422169599682092,15.07900944455497,0.0764012804627418,21.666106676800084,0.0468300803005695,4990.392471187245,1074.751804947014,4.64329759505105
intel_core_i7_13th_gen__nvidia_titan_rtx,0.0028275200724601,723044.9120738369,2.0,369378.1035726621,0.0028140801191329,392834.7048146393,1.0,37478.79536452209,0.0252230405807495,43213.415010452794,1.0,1.0917446040637326,0.0493158388137817,21564.216811918956,1.0,370.2017880405192,0.0176755201816558,79784.51752316894,2.0,23209.09627826401,0.0159334397315979,62761.087175475455,1.0,0.0,0.0141439998149871,129213.74483213288,16.0,53.19214847564365,0.0333273601531982,48947.729271223005,16.0,11.234255291949484,0.1032761573791503,28395.36646120671,8.0,16.466334801164123,0.2533388710021972,7473.575146964312,8.0,3.200876734572777,0.0953356838226318,16737.558697923487,8.0,2.876969761028494,0.2347072029113769,7930.914901059837,16.0,125.8207704089919,0.0074425601959228,828442.0538427321,64.0,3731.7290200278103,0.0079532802104949,437846.5830327043,4.0,1305.965115825852,0.0053222399950027,1580289.0746392512,128.0,915.138507938836,0.0046694400906562,1407613.132449493,128.0,4063.082467163819,0.0126489603519439,274732.0733571207,64.0,1055.3176626631628,0.0342425608634948,48308.00629317633,16.0,63.44477184993802,1.3882803344726562,720.3156128980636,10.150126953125,98.5209352176745,0.0041388800740242,334439.1991104594,2.0,92827.9462800028,0.0048710399866104,205294.9683740669,1.0,0.0,12.370852796939277,0.1509100800752639,12.263198416993536,0.0801439985632896,10.946765898814467,0.112401278913021,11.209726539596826,0.0889964790642261,5863.800703580687,1088.736379688933,5.385877438261092
intel_core_i7_9th_gen__nvidia_geforce_gtx_1080,0.025272319316864,46134.05602582704,2.0,2.7313477621411577,0.0125542402267456,79654.36234600608,1.0,0.0,0.1830502319335937,5805.018870895218,1.0,0.8657872573866946,0.1088921642303466,9263.602705146985,1.0,9.665589599437745,0.0712499189376831,18439.54220493859,4.0,9.317503250418833,0.0500940799713134,28363.709742207848,2.0,8401.27105538791,0.0753049612045288,18868.180180309864,8.0,14.603953173336809,0.0556236791610717,21709.52892287444,16.0,6.607140085073271,0.7889305877685547,3503.071956401892,16.0,0.9319890246172532,0.334725112915039,3584.521295811887,4.0,45.40104896076737,0.4972748947143555,3736.392907917365,128.0,2.771926389408148,0.3784908676147461,3873.962335475675,64.0,2.3345219419801206,0.0218931198120117,56112.69298460899,4.0,6.035771566995,0.0219955205917358,175481.7029444817,32.0,68.74807010099178,0.0101375997066497,655265.0377621056,64.0,327.32346698735336,0.0064512002468109,646797.0762465319,64.0,1409.5528003056604,0.0553984022140502,27930.277389348947,16.0,27.290125576929334,0.0570982408523559,26342.187598426695,8.0,43.33957481107641,18.8935986328125,52.92797944078799,19.1969482421875,52.09161307224787,0.0213811206817626,57675.647363593016,4.0,5.693669096434304,0.0178175997734069,61259.8696605976,1.0,1.913410324903116,6.225402365263811,0.2448505595326423,6.276882480883859,0.1622400027513504,5.9344505168245725,0.2069676801562309,6.039975198351843,0.1692614385485649,3970.651296242431,744.2367188551337,5.335199400468336
intel_core_i7_9th_gen__nvidia_geforce_gtx_1650,0.0112595200538635,102321.92831873092,2.0,13.047414048348186,0.0210515189170837,51184.407874773984,1.0,182.8221947172108,0.0806502437591552,12790.393153189509,1.0,3.362684311320311,0.1582406425476074,6382.1743968156325,1.0,0.5857938814602582,0.0820249557495117,17162.379615287766,4.0,112.52392112962411,0.0581472015380859,20687.966592292716,2.0,3490.2343962727946,0.7595500946044922,2531.872234640147,256.0,3.273121479638508,0.1069913578033447,10332.149861577947,1.0,16.537523459052437,7.1739959716796875,1556.3960227070995,1024.0,1.0739431105539543,0.9596109008789062,1519.539528698362,8.0,58.727396488089646,7.15673583984375,791.9032436724682,512.0,1.0728055700001269,1.0102207946777344,1837.9629113522103,256.0,3.266614591260314,0.0205663990974426,161770.6937411737,16.0,43.96035750182914,0.0207257604598999,126109.13271828768,8.0,1615.6168894439204,0.0507161617279052,42821.51481206658,16.0,10.702337290246067,0.0106252801418304,212235.81870080004,8.0,2701.2283761805625,0.8599155426025391,1356.443541473402,8.0,0.1732020786569381,0.142293119430542,7027.746696410948,1.0,0.0,377.140390625,2.651532492562762,77.9064501953125,12.835907649404982,0.0198553597927093,85307.34298784906,4.0,1564.0672257505162,0.024475519657135,44394.99793335835,1.0,14.48713345448205,6.217339613736847,0.2443372797966003,6.272700252892731,0.1622726389765739,5.937539863854066,0.2052819198369979,6.042420862874223,0.1696729600429534,3977.961077273348,748.3101921150221,5.315925292999215
intel_core_i7_9th_gen__nvidia_geforce_rtx_2080,0.0065126401185989,299559.04126985546,2.0,146011.48117296342,0.0073203200101852,136606.04981867384,1.0,0.0,0.0353350400924682,29886.323345155884,1.0,75.76788383410957,0.0689599990844726,14724.868535482396,1.0,223.70825015454432,0.0506566381454467,52669.72448723574,8.0,699.1045007744199,0.0505350399017334,40551.23640885174,2.0,6025.409150582379,0.04089280128479,86725.68713856579,32.0,25.351792755367327,0.0528198385238647,31873.7859163946,8.0,63.4747688725372,0.2431385612487793,15041.612470221093,32.0,5.258146880534012,0.3679366302490234,4805.7688879152265,8.0,23.50978783534192,0.2174035263061523,8258.729241847686,16.0,9.09033913901205,0.3045004844665527,5481.150547327833,16.0,139.39093984405463,0.0211859202384948,525477.7966799515,32.0,2975.0641277066807,0.0205606389045715,318041.63036842365,16.0,125.451157130442,0.0117267203330993,1053130.460136823,256.0,632.1921941605538,0.011132800579071,885559.215500808,64.0,5279.398175968004,0.0159046399593353,142807.47175551936,64.0,235.74734869348956,0.0427519989013671,32593.4417485355,8.0,10.581838809978027,3.437933349609375,290.8724219780532,14.348858642578126,69.69195424593893,0.0081529599428176,240662.29548737823,2.0,118007.45515776936,0.0083494400978088,119768.51001810675,1.0,0.0,6.215914148513243,0.2463449612259864,6.27545689033829,0.1628620800375938,5.931768443223592,0.2048326393961906,6.037450351699171,0.1702431997656822,3988.9935371202578,747.6493536105097,5.335380172345252
intel_core_i7_9th_gen__nvidia_geforce_rtx_3050,0.0070860797166824,141121.7541972814,1.0,0.0,0.0229376006126403,47374.32651218078,1.0,82.99144491605267,0.0869171237945556,11835.76512365136,1.0,0.6704869074494377,0.1703526306152343,5918.302750408749,1.0,0.2656446840926583,0.0523468780517578,27390.65576143932,4.0,35.88054629407926,0.0526540803909301,21434.645525072938,2.0,2442.7650748684996,0.0467148780822753,34434.12471622024,32.0,181.4278874177266,0.0877567958831787,14395.084088448462,2.0,2999.95519915773,0.3185868835449219,6024.735189418654,8.0,27.983583103384436,0.5380915069580078,3298.6925981004433,8.0,15.95649160385292,0.3295027160644531,3368.8255766217817,1.0,1.1694054132805944,0.6958694458007812,1895.8291960184,4.0,0.7469447529556301,0.0199884796142578,248370.6814746606,16.0,2198.1925371043685,0.0207462406158447,113964.78990487524,4.0,17.893425378695813,0.0118783998489379,605590.8414272658,128.0,308.62664160914835,0.0105472004413604,428493.0822512492,64.0,1775.9041638220244,0.0288563203811645,48731.99115126504,32.0,21.21249012580405,0.0785203218460083,15460.500804300616,2.0,785.4184470847035,8.958812255859375,111.6219395429305,34.4041259765625,29.066281197820313,0.0124723196029663,83033.86195779615,1.0,2.7102403762750296,0.0262143993377685,41302.78894741061,1.0,1.15878416966076,6.21711501334919,0.2455699214339256,6.283851257067875,0.1623289600014686,5.923599678968664,0.2039039993286132,6.041526051721126,0.169447680413723,3873.2896516369456,739.9605323849083,5.23445438252396
intel_core_i7_9th_gen__nvidia_geforce_rtx_4070,0.0066387200355529,1220703.1558375554,16.0,70947.7370320379,0.0067820799350738,574448.5316304283,8.0,56954.2978087209,0.0073932802677154,153058.73130113393,2.0,17800.772209992527,0.0152371203899383,65629.19858927792,1.0,0.0,0.0499436807632446,157516.0386949123,8.0,19625.34919315012,0.0499756813049316,82336.51502095709,4.0,20750.29391354873,0.0402406406402587,168786.61821143617,16.0,9115.392141291026,0.0405932807922363,87668.85063472747,8.0,8150.24985223993,0.0813465595245361,23036.044897808988,16.0,11.784475924799034,0.1456947231292724,12775.3927097696,4.0,6.751671149966474,0.104591360092163,13143.948014157331,8.0,404.49563940769315,0.1866297531127929,6918.826243023692,4.0,2.076946452838691,0.0204390406608581,1097261.2233075572,32.0,34829.54559217222,0.0200499200820922,737093.5221771592,16.0,45803.50282568211,0.0138035202026367,3247596.802410744,128.0,12030.781947384892,0.0130719995498657,1867169.5209116929,64.0,5991.8024762335235,0.0116735994815826,215620.4096349479,128.0,90.5442601448496,0.0278937602043151,64822.84739297819,8.0,357.8125672630198,2.4196620178222656,413.28086015088,6.482718505859375,154.2562736753346,0.0081132799386978,474104.41777282296,8.0,19369.46951294655,0.0082233601808547,314750.4569610509,4.0,22663.08213067409,6.226109433115169,0.2440006405115127,6.29261843288606,0.1616243204474449,5.975418854103729,0.2013676798343658,6.04534885382193,0.1690041604638099,3610.731056592113,742.6441442838336,4.861993573078139
intel_core_i7_9th_gen__nvidia_titan_rtx,0.0074547201395034,530965.933658596,4.0,129392.38250653852,0.0067456001043319,301408.1852728327,2.0,153163.40578200453,0.0283449602127075,43260.60220499625,2.0,2.2932592767379885,0.0478220796585083,21459.52241544057,1.0,165.8999493225866,0.0510246419906616,76121.46246425826,8.0,1319.0762851851812,0.049429121017456,55713.03834350603,4.0,11256.5730828623,0.0376147198677063,127401.67712121025,32.0,99.61308024876126,0.0378374409675598,47342.71849186106,16.0,10.513081450814612,0.1096640014648437,27544.08194854017,8.0,15.178724354969674,0.2722611236572265,7187.335687720594,8.0,80.73742877275684,0.0920780754089355,16318.585420474645,8.0,5.369901765463931,0.2387968063354492,7781.548832303117,16.0,122.86825748370777,0.0208147192001342,804476.0843228921,64.0,2443.042721260103,0.0208697605133056,438891.01983427285,16.0,5229.4250826965435,0.0125395202636718,1610649.619876295,512.0,1147.9525013726552,0.0148985600471496,1357671.8457063076,128.0,4212.887710052258,0.0129478394985198,270992.4321932022,64.0,1055.0024494118072,0.0346528005599975,47990.62133967884,16.0,136.56282232904897,1.4032485961914063,712.6321043285745,10.032258911132812,99.67844817983102,0.0084377598762512,305048.00030400767,8.0,138.8951440721281,0.0089190399646759,150269.28909488214,2.0,38149.598639348056,6.216766631747947,0.2502841603755951,6.281049484855801,0.1624543994665145,5.942208540183895,0.2078995195031166,6.036478723888399,0.170140800178051,3957.722453105643,742.5579323631715,5.3298500771654185
